,Name,Gender,DOB
0,Amoli Veer,Female,1982-03-31
1,Kaia Subramanian,Female,1994-06-09
2,Rushil Vish,Male,1999-02-07
3,Atiksh Manohar,Male,1987-07-01
4,Ved Kapoor,Male,1988-01-28
5,Vihaan Chauhan,Male,1998-08-28
6,Tanvi Sandeep,Female,2000-11-13
7,Taara Chauhan,Female,1999-05-31
8,Anaisha Veena,Female,1988-12-31
9,Rebecca Chander,Female,1995-08-12
10,Nirav Verma,Male,1993-10-29
11,Gian Mati,Male,2003-10-11
12,Raunak Chaudhary,Male,1997-08-30
13,Ishita Sen,Female,1995-05-27
14,Vihaan Mehra,Male,1990-02-13
15,Rishaan Krishnamurthy,Male,1997-03-28
16,Jash Darsha,Male,1996-09-15
17,Luv Meena,Male,2001-01-01
18,Akanksh Charan,Male,2001-11-25
19,Hiya Patel,Female,2002-12-05
20,Pavati Sara,Female,1998-05-12
21,Nimit Muthu,Male,1985-04-26
22,Ved Kumar,Male,1993-02-01
23,Rishaan Rai,Male,1986-02-11
24,Akanksh Lalit,Male,1989-08-20
25,Anaisha Prasad,Female,1992-02-16
26,Rushil Rana,Male,1994-03-16
27,Ved Suri,Male,1991-09-07
28,Avni Sara,Female,1983-07-19
29,Asmee Subramani,Female,1982-01-12
30,Krisha Soni,Female,1989-12-28
31,Ved Uddin,Male,1992-03-10
32,Vihaan Neel,Male,1981-06-18
33,Ved Kishore,Male,1999-12-22
34,Anant Nara,Male,1993-01-06
35,Adhira Chauhan,Female,1982-02-17
36,Manan Raji,Male,1984-07-23
37,Hiya Suri,Female,1981-08-10
38,Mohammad Veer,Male,1983-11-25
39,Ishita Patel,Female,1986-07-22
40,Zuber Chauhan,Male,1989-07-12
41,Sai Joshi,Female,1992-05-12
42,Ishank Vijaya,Male,1996-03-26
43,Krisha Muthu,Female,2003-01-11
44,Naksh Kapoor,Male,1998-05-20
45,Rishaan Patel,Male,1984-06-14
46,Ananya Srini,Female,1999-06-10
47,Sai Rajagopal,Female,1982-12-22
48,Shanaya Punj,Female,1986-11-15
49,Pavati Chande,Female,1982-02-19
50,Mehar Madan,Female,1993-07-18
51,Mishka Malik,Female,1998-10-09
52,Reyansh Nath,Male,2003-02-22
53,Shrishti Meena,Female,1998-04-19
54,Vivaan Ganesh,Male,1981-03-04
55,Kahaan Sahni,Male,1982-01-02
56,Manan Manju,Male,2001-04-23
57,Krisha Rai,Female,1986-07-05
58,Rohan Madan,Male,1981-01-22
59,Bhuv Srivastav,Male,1992-01-22
60,Raunak Rai,Male,1991-12-03
61,Carina Sharma,Female,1983-12-09
62,Kaia Mahajan,Female,1997-12-23
63,Ryka Subram,Female,1989-10-11
64,Sneha Chaudhary,Female,1981-10-10
65,Alisha Krishnamurthy,Female,2003-09-14
66,Sadhil Lata,Male,1989-11-04
67,Asmee Aggarwal,Female,1991-05-13
68,Krisha Narayan,Female,1994-05-26
69,Naksh Anand,Male,1990-03-13
70,Aahva Bhatt,Male,1996-07-01
71,Adah Narayan,Female,2000-02-02
72,Kimaya Chandrasekar,Female,1989-04-02
73,Mirai Dutta,Female,1998-09-15
74,Pahal Tyagi,Male,1986-11-28
75,Vivaan Subram,Male,1982-07-12
76,Navya Soni,Female,1988-10-27
77,Hiya Rana,Female,1984-12-12
78,Sahana Engineer,Female,1991-03-16
79,Rushil Chauhan,Male,1992-05-26
80,Ananya Charan,Female,1990-07-25
81,Navya Samuel,Female,1982-02-19
82,Kevin Rana,Male,1989-07-23
83,Sadhil Krishnamurthy,Male,2002-11-18
84,Prisha Malik,Female,1990-04-09
85,Amoli Chandra,Female,1986-08-26
86,Mirai Lata,Female,1985-11-09
87,Taksh Veer,Male,1989-10-19
88,Anushka Neelam,Female,1982-02-01
89,Kahaan Charan,Male,1999-05-15
90,Nimit Sahni,Male,1997-05-03
91,Kairav Chakrabarti,Male,2003-08-11
92,Reyansh Kumar,Male,1995-11-18
93,Ayaan Gandhi,Male,1998-10-22
94,Sarthak Bhat,Male,1998-12-08
95,Aaradhya Darsha,Female,1995-03-20
96,Jay Joshi,Male,1998-11-18
97,Pranay Narayan,Male,1983-07-22
98,Mahika Anand,Female,1999-05-15
99,Navya Gandhi,Female,1985-02-20
100,Pavati Nita,Female,1994-08-27
101,Navya Joshi,Female,1981-11-16
102,Ryka Uddin,Female,1993-08-17
103,Shanaya Srivas,Female,1991-05-05
104,Rudra Veer,Male,1994-02-24
105,Mehar Srini,Female,1983-03-11
106,Aarav Mehta,Male,1989-05-02
107,Mirai Vish,Female,1985-12-13
108,Zara Vish,Female,1988-09-03
109,Rudra Sara,Male,1988-07-18
110,Kahaan Srini,Male,1990-06-19
111,Joseph Charan,Male,1989-12-18
112,Yash Kishore,Male,1982-12-24
113,Adah Chakrabarti,Female,1997-09-03
114,Luv Goel,Male,1996-08-12
115,Shanaya Neel,Female,1996-11-12
116,Anant Kishore,Male,1993-12-30
117,Drishti Raman,Female,1989-04-28
118,Yug Gandhi,Male,2003-02-17
119,Kairav Swami,Male,1982-07-01
120,Krisha Rana,Female,1993-01-29
121,Nimit Neela,Male,1983-10-20
122,Ved Swami,Male,1998-11-06
123,Jash Ranga,Male,1992-08-07
124,Asmee Nirmal,Female,1981-11-02
125,Zuber Gandhi,Male,2000-07-27
126,Prisha Raman,Female,1996-01-26
127,Ishita Sai,Female,2002-12-25
128,Raj Bhatt,Male,1987-01-02
129,Shanaya Patel,Female,1992-09-27
130,Avni Nara,Female,1988-08-07
131,Laksh Raje,Male,1986-11-18
132,Tanvi Subramanian,Female,1993-04-20
133,Dasya Narang,Male,1988-10-24
134,Rushil Soni,Male,2003-01-31
135,Nirav Nath,Male,1990-12-04
136,Rohan Tyagi,Male,1995-04-13
137,Zara Ranga,Female,1988-07-24
138,Ishana Veer,Female,1982-03-01
139,Ishank Subramani,Male,1992-08-25
140,Asmee Kapoor,Female,1992-07-03
141,Anushka Nirmal,Female,1994-03-23
142,Avni Ganesh,Female,1997-10-26
143,Ved Srivas,Male,1993-04-03
144,Rohan Joshi,Male,1981-01-22
145,Ayaan Raman,Male,1999-07-20
146,Vivaan Srivas,Male,1982-01-21
147,Rishit Manju,Male,2001-07-16
148,Joseph Jana,Male,2002-01-15
149,Alisha Sehgal,Female,1988-09-18
150,Rushil Nagpal,Male,1986-05-06
151,Naksh Manju,Male,1985-12-16
152,Naitee Kumar,Female,1990-06-22
153,Sneha Uddin,Female,1998-07-30
154,Ira Dutta,Female,1991-03-01
155,Mishka Chaudhary,Female,2003-09-29
156,Pranay Dhawan,Male,2000-08-06
157,Zara Naran,Female,1995-04-11
158,Naitee Chauhan,Female,2000-11-27
159,Yug Nigam,Male,1996-12-21
160,Ishank Aggarwal,Male,1983-10-19
161,Sadhil Saxena,Male,1988-12-20
162,Pavati Chaudhary,Female,2000-08-31
163,Ved Manju,Male,2002-10-22
164,Kairav Nigam,Male,2000-01-27
165,Akanksh Raje,Male,1990-10-31
166,Idhant Neela,Male,1996-02-28
167,Reyansh Dhawan,Male,2003-11-24
168,Rachit Vijaya,Male,1989-07-02
169,Avni Meena,Female,2001-02-22
170,Anika Neel,Female,1992-08-24
171,Nirav Veena,Male,1995-08-22
172,Shrishti Mittal,Female,1988-04-07
173,Vihaan Chandra,Male,1997-09-02
174,Shanaya Rajan,Female,1984-11-09
175,Jay Saxena,Male,2003-09-21
176,Kevin Pal,Male,2001-07-21
177,Anaisha Verma,Female,2003-06-14
178,Rishit Samuel,Male,1990-08-07
179,Hem Pawan,Male,1983-11-10
180,Gian Raje,Male,1983-06-20
181,Viti Narang,Female,1996-11-28
182,Ishita Sethi,Female,1985-08-14
183,Krisha Darsha,Female,1986-04-23
184,Viti Prasad,Female,1989-08-25
185,Jay Puri,Male,2002-04-09
186,Saisha Jai,Female,1999-10-29
187,Rachit Mittal,Male,1997-08-10
188,Ved Raman,Male,1986-12-31
189,Pavati Bhatt,Female,2001-09-13
190,Viti Sahni,Female,1988-03-27
191,Kairav Chauhan,Male,1987-09-11
192,Prisha Swami,Female,1993-08-09
193,Mishka Madan,Female,2001-10-11
194,Aahva Jindal,Male,1995-10-24
195,Avni Sethi,Female,1994-02-27
196,Ayaan Nara,Male,2002-05-05
197,Sarthak Arun,Male,1987-03-28
198,Krisha Aggarwal,Female,1993-07-19
199,Nehrika Sara,Female,1982-08-18
200,Ranbir Veena,Male,1986-10-21
201,Zuber Sehgal,Male,2002-12-18
202,Kevin Chandra,Male,2003-12-20
203,Rebecca Naran,Female,1985-12-10
204,Laksh Neela,Male,1991-09-27
205,Ryka Tyagi,Female,1981-11-01
206,Saisha Aggarwal,Female,1993-08-23
207,Anant Vish,Male,2002-11-25
208,Navya Sharma,Female,1984-12-21
209,Jay Verma,Male,1981-09-01
210,Raunak Lal,Male,2001-02-03
211,Atiksh Srivas,Male,1989-08-02
212,Rachit Raji,Male,1991-07-29
213,Rohan Swami,Male,1996-11-02
214,Rishaan Verma,Male,1983-03-06
215,Anant Sethi,Male,1998-03-28
216,Kashvi Dutta,Female,1988-01-30
217,Taara Manohar,Female,1987-01-11
218,Sahana Anand,Female,1982-06-22
219,Hem Rajan,Male,1982-08-21
220,Kevin Nirmal,Male,2000-04-26
221,Naitee Pal,Female,1987-09-25
222,Reyansh Mati,Male,1999-02-06
223,Sadhil Mehta,Male,1984-04-16
224,Viti Sharma,Female,1990-07-03
225,Aahva Rana,Male,2003-08-26
226,Carina Gandhi,Female,1983-12-30
227,Drishti Soni,Female,1991-10-13
228,Anushka Rana,Female,1994-07-02
229,Kabir Veena,Male,1982-04-15
230,Kevin Ranga,Male,1989-11-22
231,Alisha Nirmal,Female,1989-04-19
232,Zara Sudha,Female,2000-09-17
233,Sneha Suri,Female,1988-06-21
234,Rishaan Srivastav,Male,1993-01-19
235,Gian Neela,Male,1983-08-31
236,Aarav Raman,Male,1997-02-16
237,Kaia Persaud,Female,1995-06-24
238,Navya Rastogi,Female,1985-08-15
239,Gian Punj,Male,2001-08-09
240,Rebecca Malhotra,Female,1996-12-06
241,Adhira Punj,Female,1989-12-12
242,Sahana Sehgal,Female,1989-07-25
243,Mehar Joshi,Female,1995-05-20
244,Amoli Veena,Female,1992-11-17
245,Adhira Subramani,Female,1994-05-12
246,Kevin Srivastav,Male,2002-02-11
247,Adah Kumar,Female,1993-12-27
248,Taara Manju,Female,1995-01-20
249,Anaisha Rastogi,Female,1981-09-28
250,Rishit Aggarwal,Male,1982-05-17
251,Rishaan Kishore,Male,1991-03-06
252,Ranbir Subramani,Male,1989-02-27
253,Taahira Punj,Female,1992-11-21
254,Raj Roy,Male,1982-02-14
255,Larisa Nigam,Female,1990-08-04
256,Aadiv Nirmal,Male,2002-09-17
257,Zara Puri,Female,2000-02-20
258,Manan Persaud,Male,2001-12-21
259,Rishaan Srivas,Male,1981-11-16
260,Reyansh Shan,Male,1992-01-25
261,Aahva Srivas,Male,1987-10-08
262,Vivaan Malik,Male,1996-02-08
263,Joseph Mittal,Male,2002-02-22
264,Hiya Prasad,Female,1993-10-04
265,Mohammad Swami,Male,1990-08-28
266,Shrishti Naran,Female,1996-05-21
267,Taahira Kumar,Female,2003-12-17
268,Taarush Lalit,Male,1982-11-30
269,Amoli Engineer,Female,1996-08-25
270,Kimaya Nagpal,Female,1995-02-17
271,Jash Sen,Male,1995-11-18
272,Pahal Nara,Male,1991-08-24
273,Krisha Srivastav,Female,2001-09-13
274,Larisa Vish,Female,2003-03-06
275,Kimaya Neel,Female,1999-12-24
276,Nirav Srini,Male,1992-07-11
277,Sai Vijaya,Female,1998-10-04
278,Parv Patel,Male,1998-06-29
279,Raj Jindal,Male,2002-11-08
280,Aarav Kapoor,Male,1981-11-03
281,Anushka Narang,Female,1981-04-13
282,Keya Lal,Female,2002-06-18
283,Navya Subramanian,Female,1981-08-26
284,Dasya Krishnamurthy,Male,1981-08-14
285,Laksh Darsha,Male,1993-09-27
286,Anushka Sandeep,Female,1997-12-17
287,Saanvi Neel,Female,1995-09-05
288,Bhuv Jai,Male,1987-01-22
289,Raj Rajan,Male,1999-09-03
290,Taksh Dutta,Male,1984-07-21
291,Pahal Anand,Male,1993-02-19
292,Raunak Manohar,Male,1986-02-12
293,Taahira Narang,Female,2002-10-27
294,Ishita Rajagopal,Female,1986-05-29
295,Anika Bhat,Female,1999-03-28
296,Kabir Subramanian,Male,1983-04-20
297,Kahaan Manju,Male,1999-09-23
298,Kevin Chande,Male,1994-01-31
299,Dasya Saini,Male,1989-05-26
300,Navya Punj,Female,1984-10-11
301,Kashvi Neela,Female,2000-09-17
302,Navya Nath,Female,1991-12-08
303,Rushil Meena,Male,1984-10-09
304,Aarav Sudha,Male,1998-07-24
305,Joseph Chauhan,Male,1992-07-20
306,Larisa Raman,Female,1996-01-11
307,Taara Swami,Female,1990-01-14
308,Akanksh Manju,Male,1988-11-06
309,Jash Samuel,Male,1983-04-09
310,Rudra Shan,Male,1985-12-15
311,Aaradhya Lalit,Female,1984-07-20
312,Kashvi Rastogi,Female,1992-08-23
313,Anika Muthu,Female,1987-08-24
314,Sahana Lata,Female,1986-03-14
315,Neysa Srivas,Female,1988-01-27
316,Rishit Pawan,Male,1998-09-26
317,Nehrika Aggarwal,Female,1982-05-07
318,Mohammad Madan,Male,1995-10-04
319,Ira Raji,Female,1993-06-29
320,Mahika Darsha,Female,1993-12-26
321,Larisa Saini,Female,1982-03-28
322,Tanvi Saini,Female,1982-07-26
323,Viti Bhatt,Female,1993-11-26
324,Navya Swami,Female,1998-04-16
325,Rushil Mahajan,Male,1991-10-11
326,Mehar Narang,Female,1982-12-18
327,Kahaan Nagpal,Male,1988-11-09
328,Vihaan Arun,Male,1987-09-26
329,Shrishti Rajan,Female,1984-08-17
330,Ayaan Chandrasekar,Male,1997-03-24
331,Viti Gandhi,Female,2003-11-29
332,Yug Jai,Male,1985-02-13
333,Shrishti Neel,Female,1984-09-20
334,Rohan Saxena,Male,1985-06-11
335,Ishank Srivastav,Male,1987-04-08
336,Sneha Swami,Female,1982-09-08
337,Yug Lata,Male,1990-07-28
338,Kashvi Srivastava,Female,1995-11-05
339,Rudra Chande,Male,1999-02-21
340,Vihaan Roy,Male,1991-03-02
341,Rudra Mati,Male,2002-01-28
342,Ishana Chaudhary,Female,1987-01-16
343,Ayaan Neela,Male,1989-11-28
344,Rohan Samuel,Male,1983-08-06
345,Saisha Anand,Female,1998-11-06
346,Amoli Srivastava,Female,1992-09-25
347,Rachit Raje,Male,1995-09-15
348,Saanvi Sara,Female,1982-03-06
349,Yash Anand,Male,1993-01-22
350,Rebecca Madan,Female,1998-04-27
351,Bhuv Sahni,Male,1998-06-30
352,Navya Malhotra,Female,1997-03-18
353,Raunak Ranga,Male,1982-04-05
354,Aadiv Rai,Male,1992-11-14
355,Vivaan Meena,Male,2001-10-14
356,Taara Aggarwal,Female,1998-11-01
357,Aaradhya Neela,Female,1984-11-17
358,Reyansh Rajagopal,Male,1995-06-23
359,Mehar Roy,Female,1988-09-22
360,Prisha Chandrasekar,Female,1987-01-14
361,Aarav Dhawan,Male,1986-08-22
362,Sahana Nirmal,Female,1988-09-15
363,Gian Manju,Male,1981-05-24
364,Saanvi Swami,Female,1989-11-18
365,Pahal Lata,Male,1983-10-25
366,Aadiv Sahni,Male,2002-09-16
367,Aaradhya Rajan,Female,2000-08-31
368,Amoli Nigam,Female,2002-11-27
369,Larisa Malhotra,Female,1989-11-18
370,Ishita Arun,Female,1995-10-06
371,Tanvi Narang,Female,2002-07-31
372,Manan Sen,Male,1992-09-09
373,Anika Veena,Female,1988-06-07
374,Atiksh Srivastava,Male,1987-06-29
375,Shrishti Sen,Female,1983-04-05
376,Ishana Samuel,Female,1985-03-07
377,Zara Bhat,Female,2000-10-17
378,Ishank Swami,Male,1999-05-24
379,Jay Muthu,Male,1982-02-27
380,Vihaan Sudha,Male,1993-06-21
381,Nirav Pal,Male,1991-05-04
382,Ishita Subram,Female,2002-03-27
383,Navya Ranga,Female,1990-08-12
384,Pranay Chandra,Male,1995-02-15
385,Idhant Vijaya,Male,1985-10-27
386,Mehar Nirmal,Female,1990-01-07
387,Avni Joshi,Female,1995-10-21
388,Luv Nigam,Male,1990-03-28
389,Viti Vijaya,Female,1997-05-16
390,Ishana Pal,Female,1996-10-04
391,Anika Goel,Female,1984-10-06
392,Mayra Vish,Female,1986-09-15
393,Idhant Verma,Male,1981-08-31
394,Jay Chander,Male,1982-01-31
395,Akanksh Engineer,Male,1985-02-23
396,Aarav Ganesh,Male,2003-02-26
397,Kairav Gandhi,Male,1983-12-16
398,Rachit Rana,Male,1992-07-30
399,Sadhil Mehra,Male,1998-02-10
400,Mirai Nirmal,Female,1987-03-13
401,Anaisha Chande,Female,1982-02-27
402,Parv Sandeep,Male,1998-09-15
403,Taarush Chandrasekar,Male,1998-03-25
404,Ira Sehgal,Female,2003-12-12
405,Avni Rana,Female,1984-01-31
406,Dasya Nagpal,Male,1982-01-16
407,Rishaan Chakrabarti,Male,1998-01-07
408,Pahal Samuel,Male,2002-02-06
409,Dasya Narayan,Male,1991-05-12
410,Ishank Prasad,Male,2001-01-10
411,Ved Vish,Male,1998-06-06
412,Mirai Sehgal,Female,1989-12-01
413,Sarthak Kishore,Male,1987-03-13
414,Rishaan Nara,Male,2001-01-24
415,Mehar Aggarwal,Female,1991-05-09
416,Mayra Jai,Female,2000-07-23
417,Ryka Muthu,Female,1987-01-17
418,Gian Chakrabarti,Male,2003-12-06
419,Kashvi Srivastav,Female,1997-06-29
420,Kashvi Chande,Female,1998-08-21
421,Larisa Chande,Female,1985-06-03
422,Rishit Kishore,Male,1986-06-30
423,Ved Veena,Male,1992-05-28
424,Joseph Gandhi,Male,1985-03-25
425,Zara Rai,Female,1989-11-04
426,Drishti Lalit,Female,1997-01-01
427,Aarav Saini,Male,2002-05-08
428,Prisha Malhotra,Female,1984-10-05
429,Kevin Meena,Male,2003-05-27
430,Kahaan Patel,Male,1984-08-04
431,Aahva Sharma,Male,2000-09-07
432,Saisha Ganesh,Female,2002-12-23
433,Saanvi Kapoor,Female,2002-11-30
434,Alex Pal,Male,1997-11-04
435,Kaia Nirmal,Female,1995-03-09
436,Pahal Shan,Male,2001-08-10
437,Adhira Neela,Female,1987-04-03
438,Nirav Charan,Male,1997-07-19
439,Navya Chandra,Female,1989-04-23
440,Taksh Goel,Male,1985-09-26
441,Asmee Rana,Female,1987-08-22
442,Kabir Malik,Male,1988-02-02
443,Pahal Subram,Male,1992-04-17
444,Navya Rai,Female,1998-01-20
445,Yug Rajagopal,Male,1999-07-05
446,Avni Chandrasekar,Female,1981-07-14
447,Asmee Goel,Female,1983-12-29
448,Sahana Nita,Female,1981-11-19
449,Hem Veer,Male,1986-07-04
450,Anaisha Chandra,Female,1981-03-19
451,Zuber Sudha,Male,1983-09-09
452,Ranbir Sharma,Male,1996-11-17
453,Navya Kapoor,Female,1993-10-28
454,Laksh Mehra,Male,1992-08-11
455,Laksh Chander,Male,1987-02-07
456,Luv Mati,Male,2002-12-12
457,Saloni Saini,Female,2003-11-30
458,Anushka Sudha,Female,1991-10-21
459,Rebecca Mahajan,Female,2000-09-11
460,Kashvi Anand,Female,1996-06-26
461,Navya Tyagi,Female,1994-10-26
462,Tanvi Ranga,Female,2000-12-14
463,Mirai Patel,Female,1998-09-13
464,Jash Dutta,Male,1982-09-12
465,Aarav Nara,Male,1990-12-28
466,Rebecca Muthu,Female,1981-05-10
467,Aahva Jai,Male,1998-12-11
468,Nimit Kishore,Male,2002-06-21
469,Sneha Malhotra,Female,1986-10-31
470,Rohan Krishnamurthy,Male,1987-09-09
471,Ishita Mehra,Female,1993-11-06
472,Saloni Kishore,Female,1994-08-10
473,Ayaan Narang,Male,1989-03-24
474,Akanksh Madan,Male,1989-09-27
475,Mishka Veena,Female,1985-09-19
476,Nimit Krishnamurthy,Male,1982-09-23
477,Kabir Meena,Male,1997-05-25
478,Avni Sai,Female,1989-12-21
479,Kairav Subramanian,Male,1987-04-26
480,Reyansh Saxena,Male,1985-11-20
481,Krisha Nagpal,Female,1995-12-16
482,Dasya Patel,Male,2003-06-28
483,Ananya Mehta,Female,2001-04-23
484,Laksh Swami,Male,1992-03-02
485,Yash Manju,Male,1983-01-06
486,Vivaan Manohar,Male,1998-11-12
487,Saloni Aggarwal,Female,1996-01-07
488,Luv Chauhan,Male,1997-01-31
489,Aaradhya Vijaya,Female,2000-07-12
490,Vivaan Krishnamurthy,Male,1996-08-20
491,Nimit Subramanian,Male,1992-03-04
492,Kairav Srivas,Male,2000-12-17
493,Nirav Bhatt,Male,1992-08-10
494,Kahaan Puri,Male,1987-03-10
495,Zuber Sharma,Male,1996-09-28
496,Kimaya Persaud,Female,1988-06-24
497,Aadiv Mehra,Male,2000-11-27
498,Ishana Narayan,Female,1989-06-23
499,Keya Arun,Female,1984-09-23
500,Ryka Sahni,Female,1983-10-07
501,Taksh Malik,Male,1983-07-13
502,Ishana Veena,Female,1990-12-29
503,Amoli Prasad,Female,1982-09-06
504,Vivaan Srivastav,Male,1996-08-11
505,Zara Shan,Female,1988-08-21
506,Mayra Joshi,Female,1981-07-17
507,Kabir Shan,Male,1985-09-14
508,Reyansh Aggarwal,Male,1982-11-28
509,Dasya Muthu,Male,2002-07-27
510,Sadhil Goel,Male,1991-05-24
511,Nimit Chakrabarti,Male,1986-09-20
512,Pahal Vijaya,Male,1997-03-21
513,Alex Chande,Male,1994-01-17
514,Reyansh Kishore,Male,1983-09-05
515,Rishit Narayan,Male,1997-02-18
516,Rebecca Neela,Female,1991-04-13
517,Kimaya Kumar,Female,1986-10-22
518,Alex Sahni,Male,1983-03-01
519,Viti Nath,Female,1992-03-24
520,Taara Prasad,Female,1995-12-19
521,Kahaan Kumar,Male,1991-01-11
522,Gian Lata,Male,2002-10-19
523,Aaradhya Soni,Female,2000-05-15
524,Rishaan Saxena,Male,1992-04-10
525,Rohan Sara,Male,1992-05-27
526,Avni Raji,Female,1984-04-26
527,Manan Sehgal,Male,2000-08-22
528,Mayra Kapoor,Female,1996-10-21
529,Akanksh Mehra,Male,1992-12-10
530,Aarav Sai,Male,1994-05-07
531,Asmee Srivastav,Female,1986-09-12
532,Ryka Kishore,Female,1983-07-11
533,Taara Gandhi,Female,1997-12-01
534,Ishita Saini,Female,1995-09-10
535,Mishka Sandeep,Female,1986-03-15
536,Anushka Jindal,Female,1999-07-09
537,Ayaan Sara,Male,1992-12-10
538,Mohammad Patel,Male,1991-04-22
539,Anika Kishore,Female,1994-05-16
540,Taara Lata,Female,1986-03-19
541,Naksh Mehta,Male,1988-11-18
542,Kimaya Krishnamurthy,Female,1998-10-29
543,Mahika Kumar,Female,1989-05-11
544,Amoli Rajagopal,Female,1990-07-08
545,Raj Srivastav,Male,1991-10-28
546,Rishit Dutta,Male,1997-01-26
547,Luv Suri,Male,1989-07-21
548,Zuber Ganesh,Male,1998-03-07
549,Sai Arun,Female,1994-10-26
550,Jash Rana,Male,1987-05-20
551,Luv Mehra,Male,1985-07-11
552,Rudra Punj,Male,1995-10-03
553,Kashvi Subram,Female,2002-04-08
554,Yash Chakrabarti,Male,1999-08-04
555,Rachit Kishore,Male,1997-01-16
556,Adhira Narayan,Female,1998-04-09
557,Pahal Lalit,Male,1996-10-22
558,Alisha Narayan,Female,2002-03-31
559,Bhuv Raji,Male,1996-11-12
560,Krisha Sahni,Female,2000-02-21
561,Zuber Krishnamurthy,Male,1989-03-06
562,Mohammad Samuel,Male,2000-07-11
563,Sai Manju,Female,1983-02-20
564,Avni Sudha,Female,1983-12-17
565,Neysa Sehgal,Female,2003-06-11
566,Drishti Srini,Female,1995-09-11
567,Nimit Narayan,Male,1986-10-17
568,Shanaya Mittal,Female,1996-02-28
569,Taarush Chaudhary,Male,1996-03-08
570,Prisha Pawan,Female,1996-11-23
571,Krisha Sudha,Female,1983-03-01
572,Aahva Persaud,Male,1981-05-09
573,Amoli Suri,Female,2000-10-01
574,Manan Vish,Male,2002-02-15
575,Jay Rastogi,Male,1992-09-07
576,Saisha Malhotra,Female,1995-02-06
577,Larisa Rajan,Female,1999-01-10
578,Sarthak Rajagopal,Male,1994-01-16
579,Laksh Joshi,Male,1997-01-13
580,Ranbir Verma,Male,2000-02-10
581,Dasya Rajan,Male,1985-02-01
582,Dasya Gandhi,Male,1984-02-18
583,Mayra Jindal,Female,1991-10-03
584,Vihaan Raje,Male,1983-09-26
585,Aahva Narayan,Male,1997-01-14
586,Idhant Rastogi,Male,1982-10-25
587,Hiya Mehta,Female,2001-06-08
588,Rachit Persaud,Male,1985-03-08
589,Pahal Patel,Male,1988-02-20
590,Avni Pal,Female,1993-01-04
591,Mishka Lal,Female,1987-06-25
592,Hiya Raman,Female,1983-08-11
593,Dasya Rastogi,Male,1988-12-08
594,Ishana Nigam,Female,1984-07-05
595,Sadhil Srivas,Male,1990-05-09
596,Akanksh Kumar,Male,1983-10-16
597,Kairav Goel,Male,1986-04-02
598,Adah Sahni,Female,1989-08-31
599,Rebecca Tyagi,Female,1993-03-28
600,Luv Arun,Male,1998-09-22
601,Mayra Dutta,Female,1989-05-19
602,Raj Nagpal,Male,1987-05-21
603,Bhuv Chandra,Male,2001-03-27
604,Kairav Srivastav,Male,1981-08-11
605,Alisha Malik,Female,1983-10-08
606,Tanvi Subram,Female,1999-11-24
607,Zara Arun,Female,1981-12-09
608,Pavati Charan,Female,1989-03-21
609,Akanksh Anand,Male,1991-06-13
610,Rohan Chakrabarti,Male,1999-04-06
611,Kevin Muthu,Male,1991-07-15
612,Ishana Sara,Female,1996-01-27
613,Taarush Muthu,Male,2003-04-20
614,Ved Naran,Male,1997-01-19
615,Akanksh Sara,Male,1999-04-17
616,Tanvi Raji,Female,1981-02-07
617,Saloni Gandhi,Female,1996-10-20
618,Shrishti Sudha,Female,1981-01-07
619,Aadiv Chaudhary,Male,2003-01-13
620,Anant Srivas,Male,1982-12-08
621,Mohammad Saxena,Male,1997-05-27
622,Joseph Sara,Male,1988-06-13
623,Anushka Lal,Female,1991-06-13
624,Mayra Nirmal,Female,2003-09-11
625,Akanksh Samuel,Male,1986-10-22
626,Raj Sara,Male,2000-08-08
627,Vihaan Srivastav,Male,1987-09-11
628,Vihaan Chandrasekar,Male,2002-12-24
629,Alisha Jindal,Female,1992-03-19
630,Atiksh Nigam,Male,1984-12-12
631,Aarav Raje,Male,1981-05-21
632,Aaradhya Ganesh,Female,1989-01-20
633,Kabir Sethi,Male,2000-03-25
634,Asmee Dhawan,Female,1981-06-24
635,Gian Joshi,Male,1995-02-01
636,Hiya Tyagi,Female,2001-12-24
637,Naksh Roy,Male,1993-02-16
638,Rohan Sudha,Male,1984-11-09
639,Ved Subram,Male,1990-04-02
640,Rushil Kapoor,Male,1999-04-08
641,Hiya Swami,Female,2002-01-08
642,Kevin Sahni,Male,2000-10-29
643,Sahana Neel,Female,1992-08-21
644,Kahaan Pawan,Male,1992-06-11
645,Navya Ganesh,Female,1994-03-03
646,Kairav Raman,Male,1990-10-01
647,Rohan Raman,Male,1985-02-04
648,Saanvi Sen,Female,1987-10-25
649,Zuber Tyagi,Male,2000-12-06
650,Asmee Patel,Female,1981-04-22
651,Avni Kishore,Female,1999-10-05
652,Mahika Saxena,Female,2000-05-31
653,Rachit Subramani,Male,1982-10-03
654,Atiksh Sehgal,Male,1993-08-05
655,Sai Lata,Female,1988-11-06
656,Anushka Mittal,Female,1996-01-20
657,Kairav Soni,Male,1987-12-31
658,Akanksh Narang,Male,1990-10-17
659,Taarush Chauhan,Male,1989-12-22
660,Taarush Naran,Male,1983-10-06
661,Sahana Narayan,Female,1982-04-02
662,Akanksh Subramani,Male,2002-06-21
663,Navya Srivastava,Female,1989-09-10
664,Rishaan Meena,Male,1982-02-26
665,Raj Neel,Male,1993-01-25
666,Nirav Sudha,Male,2002-08-26
667,Kevin Raji,Male,1985-04-26
668,Rishaan Sudha,Male,1997-10-11
669,Sneha Jindal,Female,1984-09-01
670,Sarthak Sahni,Male,1987-04-14
671,Kaia Mittal,Female,1991-12-17
672,Taahira Rajagopal,Female,1984-09-14
673,Tanvi Srivastav,Female,1991-05-16
674,Sarthak Srivastav,Male,2000-02-15
675,Asmee Verma,Female,1989-03-19
676,Raunak Sethi,Male,1993-06-23
677,Neysa Patel,Female,1993-09-11
678,Pavati Kumar,Female,1990-03-30
679,Alex Muthu,Male,2002-06-07
680,Rishaan Raman,Male,1994-02-01
681,Anika Roy,Female,2000-08-01
682,Akanksh Muthu,Male,1990-03-04
683,Sai Chauhan,Female,2003-05-15
684,Pranay Mahajan,Male,2001-05-25
685,Parv Rana,Male,1994-08-24
686,Aadiv Jindal,Male,1997-03-22
687,Saanvi Anand,Female,2002-06-20
688,Saloni Charan,Female,1985-03-12
689,Anant Punj,Male,1984-06-30
690,Ishank Lata,Male,2000-11-19
691,Kaia Chauhan,Female,1987-04-24
692,Rachit Rajagopal,Male,1996-09-04
693,Aahva Nirmal,Male,1993-07-11
694,Asmee Charan,Female,1993-11-27
695,Keya Chandrasekar,Female,2003-09-15
696,Alisha Vijaya,Female,1998-05-04
697,Alisha Bhatt,Female,1997-11-27
698,Anika Sai,Female,1995-01-16
699,Ananya Tyagi,Female,1994-12-26
700,Mirai Subram,Female,2003-07-24
701,Amoli Aggarwal,Female,1984-07-04
702,Vivaan Manju,Male,2003-12-18
703,Aaradhya Subram,Female,1998-02-25
704,Neysa Sharma,Female,1992-11-23
705,Bhuv Soni,Male,2000-10-28
706,Ranbir Kishore,Male,1982-08-28
707,Rishaan Chauhan,Male,2000-11-09
708,Hem Engineer,Male,1994-05-09
709,Saisha Madan,Female,1991-03-01
710,Rishaan Jai,Male,1994-08-04
711,Adah Srivastav,Female,1990-12-19
712,Adhira Chandrasekar,Female,1996-09-02
713,Laksh Sethi,Male,1996-09-24
714,Ayaan Shan,Male,1981-12-13
715,Ved Verma,Male,1989-07-20
716,Bhuv Joshi,Male,2003-10-27
717,Taahira Veena,Female,1999-12-19
718,Aadiv Sharma,Male,2000-02-20
719,Raunak Soni,Male,2001-02-08
720,Gian Tyagi,Male,1987-03-06
721,Ayaan Jindal,Male,1993-09-14
722,Ryka Chaudhary,Female,2002-02-14
723,Kahaan Chander,Male,2000-04-30
724,Asmee Jana,Female,1982-09-11
725,Sarthak Gandhi,Male,1982-07-18
726,Raunak Srivas,Male,1995-09-10
727,Ranbir Manju,Male,1993-06-19
728,Hem Manju,Male,2003-08-27
729,Raunak Veena,Male,1984-03-02
730,Aadiv Malik,Male,1992-09-30
731,Taksh Rajagopal,Male,1986-06-07
732,Taarush Patel,Male,2001-04-11
733,Kashvi Roy,Female,1981-02-04
734,Aahva Sen,Male,1999-10-02
735,Viti Soni,Female,1994-11-19
736,Mishka Nigam,Female,1999-05-01
737,Shanaya Mahajan,Female,1981-08-23
738,Keya Nita,Female,1996-08-02
739,Viti Raje,Female,1992-09-10
740,Vivaan Sara,Male,2000-06-04
741,Ira Mittal,Female,1983-03-28
742,Taara Patel,Female,1989-03-05
743,Ishank Muthu,Male,1988-03-29
744,Naitee Rajan,Female,1982-12-20
745,Kaia Lal,Female,1991-01-24
746,Ishana Soni,Female,1994-12-15
747,Sahana Chaudhary,Female,2002-12-07
748,Ryka Nigam,Female,1985-03-31
749,Kaia Vijaya,Female,1990-04-24
750,Vivaan Puri,Male,1998-08-27
751,Raunak Jai,Male,1998-10-20
752,Nehrika Subram,Female,1990-03-26
753,Shanaya Neelam,Female,1996-08-10
754,Saanvi Subramanian,Female,1991-01-02
755,Keya Subramanian,Female,1995-11-15
756,Rachit Raman,Male,1996-02-15
757,Gian Bhat,Male,2001-01-11
758,Vivaan Narayan,Male,1994-07-23
759,Ishank Sethi,Male,2001-08-09
760,Luv Vish,Male,2000-04-06
761,Ishana Punj,Female,2003-08-13
762,Mohammad Soni,Male,1998-04-03
763,Manan Veena,Male,1996-03-23
764,Ira Chandra,Female,1989-01-19
765,Sahana Sudha,Female,2003-12-15
766,Zara Manohar,Female,1983-06-19
767,Zuber Engineer,Male,1983-03-26
768,Yash Tyagi,Male,1992-04-24
769,Mohammad Subramanian,Male,1996-07-09
770,Gian Aggarwal,Male,1988-11-17
771,Alex Raji,Male,2001-03-07
772,Taara Rajagopal,Female,1992-10-20
773,Mayra Uddin,Female,2002-07-22
774,Anaisha Jai,Female,1999-11-14
775,Keya Kishore,Female,1994-10-17
776,Shanaya Veena,Female,2001-02-19
777,Vihaan Chande,Male,1986-05-27
778,Tanvi Sara,Female,1989-12-04
779,Pahal Jai,Male,2002-10-28
780,Atiksh Kishore,Male,2000-07-14
781,Ved Neelam,Male,1983-06-03
782,Naitee Goel,Female,1988-12-23
783,Ishana Neel,Female,1989-08-10
784,Sadhil Jindal,Male,1991-01-27
785,Naksh Pal,Male,1999-02-13
786,Laksh Raji,Male,1984-04-21
787,Alex Charan,Male,1990-12-20
788,Pahal Persaud,Male,1991-09-29
789,Yash Chande,Male,1998-09-01
790,Rishit Anand,Male,1991-03-25
791,Ananya Lalit,Female,2002-01-02
792,Anaisha Sehgal,Female,1987-06-22
793,Carina Chande,Female,2001-01-27
794,Kimaya Sahni,Female,1989-03-14
795,Hiya Punj,Female,1995-02-15
796,Sahana Pawan,Female,1990-02-14
797,Mishka Nirmal,Female,1992-01-17
798,Mishka Nita,Female,1999-10-17
799,Anika Manohar,Female,1989-12-31
800,Nehrika Chande,Female,1984-10-05
801,Rachit Chandra,Male,1985-09-29
802,Idhant Patel,Male,1987-10-02
803,Saloni Ranga,Female,1988-01-31
804,Adah Mati,Female,2001-09-04
805,Vihaan Dutta,Male,1992-04-29
806,Sneha Saxena,Female,1997-11-22
807,Dasya Nirmal,Male,1999-11-26
808,Aahva Joshi,Male,2001-08-29
809,Naksh Dutta,Male,1999-10-09
810,Kashvi Veer,Female,2000-10-13
811,Sai Nagpal,Female,1993-01-26
812,Vihaan Pawan,Male,1983-06-27
813,Adah Arun,Female,1996-01-19
814,Taksh Srivastava,Male,1986-11-30
815,Shrishti Raji,Female,2003-02-08
816,Reyansh Neela,Male,1982-09-17
817,Taksh Kishore,Male,1991-08-19
818,Nimit Manohar,Male,1990-08-20
819,Rishaan Sharma,Male,1981-12-06
820,Aahva Neela,Male,1986-10-17
821,Kevin Neelam,Male,2001-11-28
822,Hem Krishnamurthy,Male,1983-06-30
823,Sneha Pawan,Female,1990-02-26
824,Reyansh Subramanian,Male,1984-10-04
825,Taksh Tyagi,Male,1988-12-21
826,Sahana Chandra,Female,1991-09-30
827,Aadiv Soni,Male,1992-02-10
828,Kashvi Goel,Female,1989-05-30
829,Rushil Patel,Male,1988-07-31
830,Anika Sandeep,Female,1990-05-19
831,Tanvi Manju,Female,1996-08-04
832,Taarush Meena,Male,1995-11-19
833,Alisha Joshi,Female,2001-07-07
834,Keya Uddin,Female,1985-09-25
835,Adhira Krishnamurthy,Female,1990-11-03
836,Mirai Sandeep,Female,2001-07-10
837,Vihaan Joshi,Male,1983-11-15
838,Hiya Muthu,Female,1995-06-23
839,Kashvi Srini,Female,2000-05-27
840,Parv Lalit,Male,1992-02-29
841,Pranay Saini,Male,1994-01-10
842,Anant Raman,Male,1982-10-15
843,Joseph Rana,Male,1987-10-07
844,Rishit Mati,Male,1982-05-20
845,Navya Sethi,Female,1986-03-18
846,Rudra Darsha,Male,1985-05-09
847,Yash Persaud,Male,1991-07-01
848,Mahika Jana,Female,1987-09-27
849,Kevin Sharma,Male,1994-01-06
850,Adhira Kumar,Female,1996-02-22
851,Avni Vish,Female,1991-03-28
852,Kashvi Dhawan,Female,2002-11-06
853,Anaisha Pal,Female,2002-06-11
854,Rishit Bhat,Male,1982-01-09
855,Mahika Nirmal,Female,1992-04-12
856,Nimit Sethi,Male,2000-10-28
857,Kabir Kapoor,Male,1985-01-18
858,Adah Vijaya,Female,1987-05-16
859,Sai Nara,Female,1984-03-12
860,Raunak Sahni,Male,1988-04-28
861,Ayaan Soni,Male,1999-09-22
862,Ishank Nigam,Male,1990-09-21
863,Ayaan Jana,Male,1985-06-25
864,Ranbir Chakrabarti,Male,2001-05-25
865,Laksh Pal,Male,1995-01-06
866,Nimit Subramani,Male,1994-07-14
867,Anushka Chauhan,Female,1982-12-15
868,Keya Veer,Female,1986-07-04
869,Yug Nirmal,Male,1995-12-18
870,Yash Arun,Male,1981-06-02
871,Mayra Subram,Female,1988-02-24
872,Prisha Samuel,Female,1993-03-01
873,Aadiv Srini,Male,1994-11-12
874,Kevin Srivas,Male,1983-07-09
875,Alex Neel,Male,1983-05-06
876,Anaisha Srini,Female,2002-03-21
877,Taara Sai,Female,2003-11-11
878,Rebecca Sai,Female,2001-02-20
879,Sai Nigam,Female,2003-02-26
880,Carina Sandeep,Female,1993-08-30
881,Anushka Srini,Female,1990-07-02
882,Larisa Sharma,Female,1991-02-14
883,Amoli Chauhan,Female,2003-08-03
884,Hiya Joshi,Female,1984-02-25
885,Taara Tyagi,Female,2000-09-12
886,Saanvi Prasad,Female,1991-12-04
887,Kaia Nigam,Female,2001-02-16
888,Akanksh Neel,Male,1993-09-19
889,Bhuv Punj,Male,2003-07-05
890,Kimaya Vijaya,Female,2003-01-05
891,Sadhil Charan,Male,1991-01-11
892,Neysa Chakrabarti,Female,1994-07-25
893,Mahika Dutta,Female,1986-03-30
894,Reyansh Engineer,Male,2001-04-04
895,Kimaya Nath,Female,1996-08-04
896,Saanvi Rajagopal,Female,1988-02-21
897,Sai Aggarwal,Female,1984-05-08
898,Atiksh Pawan,Male,2003-03-22
899,Aarav Nath,Male,1998-10-10
900,Taksh Sara,Male,1991-02-06
901,Aarav Mittal,Male,1981-07-16
902,Mohammad Chaudhary,Male,1998-12-23
903,Alisha Rai,Female,1997-08-07
904,Mohammad Mehra,Male,1986-06-10
905,Ishita Chander,Female,1983-06-30
906,Aahva Sai,Male,1995-01-03
907,Hiya Darsha,Female,1996-08-28
908,Saloni Jai,Female,1985-11-11
909,Atiksh Saxena,Male,1998-12-22
910,Pranay Manohar,Male,1995-11-26
911,Manan Nirmal,Male,1988-06-13
912,Aadiv Arun,Male,1997-09-07
913,Kabir Nita,Male,1993-03-11
914,Alex Pawan,Male,1989-10-24
915,Rachit Aggarwal,Male,1981-10-11
916,Mishka Neelam,Female,1995-12-03
917,Mishka Nagpal,Female,1982-08-04
918,Taahira Jai,Female,1996-07-18
919,Aadiv Ganesh,Male,1992-09-24
920,Anika Vijaya,Female,1983-05-22
921,Raunak Shan,Male,1988-05-03
922,Aaradhya Jindal,Female,2002-05-10
923,Mirai Anand,Female,1994-07-10
924,Ayaan Rana,Male,1981-10-07
925,Kabir Manju,Male,1983-03-01
926,Larisa Rai,Female,1991-01-08
927,Mayra Chaudhary,Female,2002-05-14
928,Aahva Charan,Male,1991-05-31
929,Anushka Chakrabarti,Female,1993-07-18
930,Aarav Mehra,Male,1985-11-09
931,Prisha Nigam,Female,1998-04-05
932,Alisha Raji,Female,1999-08-25
933,Kabir Raman,Male,2002-04-08
934,Kaia Chander,Female,1996-12-27
935,Nirav Jai,Male,1995-02-04
936,Anushka Nita,Female,1998-01-28
937,Kimaya Dutta,Female,1991-11-28
938,Anika Tyagi,Female,2003-07-11
939,Bhuv Nara,Male,1988-03-19
940,Nehrika Sen,Female,2002-10-06
941,Naitee Charan,Female,2000-08-31
942,Kabir Gandhi,Male,1996-01-04
943,Aarav Shan,Male,1987-11-06
944,Sahana Mati,Female,1987-05-02
945,Viti Mittal,Female,1989-11-22
946,Ved Rajagopal,Male,1986-06-12
947,Kahaan Uddin,Male,1996-02-09
948,Sadhil Subram,Male,1998-02-01
949,Anaisha Shan,Female,1981-07-13
950,Pavati Vijaya,Female,1986-04-16
951,Rishit Rajan,Male,1993-08-17
952,Carina Raje,Female,1981-12-07
953,Rachit Srini,Male,1987-08-29
954,Ishita Neela,Female,1983-12-16
955,Ishana Chande,Female,1999-10-07
956,Adhira Ganesh,Female,1989-06-16
957,Rachit Mahajan,Male,1981-04-10
958,Alex Sen,Male,2002-08-31
959,Adhira Anand,Female,2001-03-25
960,Sahana Rajan,Female,1999-10-14
961,Alex Srivas,Male,1984-04-30
962,Naksh Aggarwal,Male,2003-06-23
963,Rohan Mati,Male,2002-03-30
964,Navya Pawan,Female,2001-04-17
965,Idhant Lalit,Male,2001-11-10
966,Mayra Rai,Female,1995-08-13
967,Pranay Bhat,Male,1984-10-30
968,Carina Narayan,Female,1997-12-22
969,Parv Manohar,Male,1995-04-23
970,Kashvi Patel,Female,1995-09-30
971,Shrishti Gandhi,Female,1990-07-12
972,Saloni Tyagi,Female,1992-07-20
973,Nehrika Sudha,Female,1987-02-06
974,Asmee Sara,Female,2003-12-10
975,Saloni Jindal,Female,2001-10-13
976,Adah Raje,Female,1981-01-19
977,Sneha Bhat,Female,1981-12-07
978,Vihaan Mittal,Male,1985-12-29
979,Rachit Jana,Male,1984-01-25
980,Dasya Punj,Male,2002-05-26
981,Hem Raji,Male,2002-05-25
982,Amoli Lal,Female,1992-05-12
983,Neysa Chandra,Female,1982-12-01
984,Mahika Malik,Female,2002-11-23
985,Hiya Subramani,Female,1998-10-25
986,Raj Meena,Male,1992-02-18
987,Aadiv Prasad,Male,1996-04-08
988,Nimit Chauhan,Male,1982-10-11
989,Larisa Mehta,Female,1988-07-21
990,Pavati Bhat,Female,1994-12-20
991,Keya Mittal,Female,1995-08-15
992,Gian Pawan,Male,1991-11-03
993,Akanksh Persaud,Male,1994-07-19
994,Reyansh Swami,Male,1988-06-13
995,Rudra Kumar,Male,1991-04-11
996,Taksh Sethi,Male,1995-11-01
997,Hem Mati,Male,2002-11-29
998,Adah Rajagopal,Female,1992-02-16
999,Ishita Samuel,Female,1996-11-15
1000,Jash Nath,Male,1995-07-15
1001,Pranay Ganesh,Male,1999-09-08
1002,Joseph Rajan,Male,1996-12-21
1003,Keya Dutta,Female,1992-12-31
1004,Anika Narang,Female,1989-04-18
1005,Rushil Charan,Male,1995-05-12
1006,Ishank Veer,Male,1982-10-09
1007,Bhuv Neela,Male,1984-04-08
1008,Aaradhya Narang,Female,1991-11-05
1009,Parv Srivastav,Male,1990-04-02
1010,Pranay Pal,Male,1983-03-19
1011,Sneha Verma,Female,1994-08-11
1012,Mishka Srivas,Female,1995-01-31
1013,Ishita Lalit,Female,1992-10-07
1014,Ananya Shan,Female,1987-03-17
1015,Ishank Anand,Male,1995-02-02
1016,Aahva Samuel,Male,1984-11-03
1017,Pranay Saxena,Male,1994-12-04
1018,Kashvi Jindal,Female,1984-08-12
1019,Gian Naran,Male,1997-04-23
1020,Adah Raman,Female,1989-07-12
1021,Rishaan Saini,Male,1987-10-23
1022,Rachit Verma,Male,1993-06-16
1023,Adhira Rajan,Female,1989-07-25
1024,Kabir Chauhan,Male,1988-08-13
1025,Kairav Sahni,Male,1986-03-07
1026,Tanvi Arun,Female,1985-12-06
1027,Joseph Saini,Male,2002-09-11
1028,Rishaan Nirmal,Male,1999-03-21
1029,Carina Sai,Female,1981-12-06
1030,Neysa Roy,Female,2003-05-12
1031,Kabir Joshi,Male,1984-07-01
1032,Nirav Arun,Male,1986-09-09
1033,Rudra Vijaya,Male,1992-07-04
1034,Nehrika Arun,Female,1990-02-27
1035,Naksh Joshi,Male,2001-01-16
1036,Kaia Raje,Female,1991-04-13
1037,Ira Subramani,Female,2001-10-16
1038,Mahika Madan,Female,1991-05-27
1039,Dasya Jindal,Male,1992-05-18
1040,Raunak Subramani,Male,1990-10-07
1041,Anushka Charan,Female,2003-08-05
1042,Aarav Sethi,Male,1991-03-26
1043,Viti Kumar,Female,2000-01-29
1044,Atiksh Vish,Male,2002-07-27
1045,Luv Mittal,Male,1991-06-13
1046,Kaia Swami,Female,2001-09-30
1047,Mohammad Chakrabarti,Male,1993-08-06
1048,Nehrika Samuel,Female,1991-08-21
1049,Rebecca Krishnamurthy,Female,1997-01-15
1050,Jash Sai,Male,1985-06-05
1051,Saisha Srivastava,Female,1982-11-07
1052,Parv Madan,Male,2001-06-09
1053,Luv Nagpal,Male,1984-08-04
1054,Taksh Arun,Male,1987-03-03
1055,Taksh Muthu,Male,2002-08-29
1056,Zara Rana,Female,1984-11-06
1057,Atiksh Chander,Male,1984-04-10
1058,Keya Engineer,Female,1986-06-09
1059,Ranbir Goel,Male,1990-10-06
1060,Ishank Kumar,Male,1995-02-28
1061,Laksh Sai,Male,1993-06-16
1062,Prisha Engineer,Female,1991-04-23
1063,Adah Aggarwal,Female,1997-10-11
1064,Kairav Mati,Male,1985-02-08
1065,Neysa Ganesh,Female,1999-03-11
1066,Aahva Veena,Male,2001-05-29
1067,Akanksh Sudha,Male,1987-05-18
1068,Shanaya Chandrasekar,Female,1998-12-07
1069,Viti Rai,Female,2000-09-12
1070,Kevin Kishore,Male,1986-07-28
1071,Taahira Saxena,Female,1983-04-13
1072,Mahika Manju,Female,1995-12-10
1073,Anushka Pawan,Female,1981-05-06
1074,Kahaan Raji,Male,2000-06-05
1075,Reyansh Chauhan,Male,1989-07-26
1076,Tanvi Mehra,Female,1981-09-20
1077,Aaradhya Goel,Female,2000-02-07
1078,Alisha Prasad,Female,1994-04-02
1079,Rohan Patel,Male,1996-09-03
1080,Anushka Meena,Female,1998-08-16
1081,Aarav Naran,Male,1985-05-06
1082,Anant Raji,Male,1982-10-25
1083,Viti Nara,Female,1992-02-26
1084,Krisha Nita,Female,1985-12-10
1085,Sarthak Dhawan,Male,1986-02-06
1086,Naksh Subramani,Male,1984-03-01
1087,Nirav Uddin,Male,1993-08-30
1088,Idhant Mehra,Male,1984-04-22
1089,Rudra Krishnamurthy,Male,1988-08-17
1090,Rushil Tyagi,Male,1999-11-12
1091,Neysa Anand,Female,1987-07-28
1092,Adah Sudha,Female,1987-12-05
1093,Naksh Arun,Male,2003-06-19
1094,Sneha Arun,Female,1989-08-29
1095,Rushil Arun,Male,1989-07-13
1096,Idhant Prasad,Male,1997-10-13
1097,Kairav Charan,Male,1983-06-30
1098,Ishank Mittal,Male,1999-10-10
1099,Naksh Chauhan,Male,1984-04-28
1100,Nehrika Malhotra,Female,1992-02-20
1101,Shanaya Raman,Female,2003-08-31
1102,Nirav Chakrabarti,Male,1985-04-25
1103,Anika Chandrasekar,Female,1989-03-29
1104,Tanvi Mahajan,Female,1983-09-03
1105,Nimit Naran,Male,1984-09-27
1106,Ved Lata,Male,1992-07-13
1107,Anika Rajan,Female,1994-11-22
1108,Aarav Patel,Male,1983-08-30
1109,Akanksh Raman,Male,1984-12-17
1110,Anushka Nigam,Female,1984-05-25
1111,Sarthak Srivas,Male,1981-03-18
1112,Aadiv Suri,Male,1984-10-15
1113,Kimaya Chander,Female,2000-09-30
1114,Kimaya Raji,Female,1981-02-24
1115,Zara Mati,Female,2003-04-15
1116,Luv Nirmal,Male,1985-02-02
1117,Asmee Raji,Female,1999-06-10
1118,Mirai Kumar,Female,1992-06-14
1119,Saloni Ganesh,Female,1995-07-07
1120,Rudra Neelam,Male,1995-07-25
1121,Ryka Srini,Female,1988-11-09
1122,Pranay Subramani,Male,1994-02-05
1123,Pahal Jindal,Male,1993-09-16
1124,Kevin Dutta,Male,1997-05-22
1125,Jash Sahni,Male,1987-04-17
1126,Shanaya Krishnamurthy,Female,1983-04-02
1127,Raj Ganesh,Male,1997-12-31
1128,Yash Krishnamurthy,Male,2001-11-08
1129,Sahana Uddin,Female,1999-03-02
1130,Carina Malik,Female,1988-08-27
1131,Carina Sehgal,Female,1985-03-08
1132,Sarthak Soni,Male,1990-05-16
1133,Aahva Saxena,Male,1985-01-13
1134,Gian Swami,Male,1998-05-15
1135,Sahana Persaud,Female,1983-05-02
1136,Naksh Persaud,Male,2000-04-28
1137,Naksh Sethi,Male,1984-11-20
1138,Parv Rajagopal,Male,1987-02-03
1139,Aadiv Mati,Male,1982-02-17
1140,Naksh Swami,Male,1994-04-08
1141,Mohammad Dhawan,Male,1997-11-02
1142,Larisa Nirmal,Female,2002-07-31
1143,Vivaan Ranga,Male,1994-01-26
1144,Keya Bhat,Female,2002-01-31
1145,Aahva Manohar,Male,1990-02-07
1146,Alex Saini,Male,1986-09-15
1147,Rishaan Pawan,Male,2000-03-16
1148,Anaisha Rana,Female,1996-06-03
1149,Saloni Krishnamurthy,Female,1992-05-12
1150,Saloni Srivas,Female,1987-01-01
1151,Ananya Aggarwal,Female,1982-02-05
1152,Joseph Muthu,Male,1987-03-08
1153,Idhant Anand,Male,2001-03-14
1154,Raj Sandeep,Male,1986-05-16
1155,Avni Saxena,Female,1999-09-01
1156,Ishita Kishore,Female,1999-08-10
1157,Hiya Krishnamurthy,Female,1987-09-25
1158,Luv Neela,Male,1990-07-19
1159,Ira Srivastava,Female,2000-05-30
1160,Rudra Jindal,Male,1984-10-14
1161,Rebecca Engineer,Female,1993-03-03
1162,Raunak Prasad,Male,1994-07-24
1163,Gian Sehgal,Male,1996-12-30
1164,Rachit Dhawan,Male,1985-09-19
1165,Krisha Persaud,Female,1981-10-02
1166,Jay Subramani,Male,1988-10-30
1167,Saisha Subram,Female,2000-12-20
1168,Nirav Meena,Male,1993-09-08
1169,Ira Neela,Female,1994-01-21
1170,Sadhil Shan,Male,1997-09-08
1171,Zuber Jai,Male,2000-01-05
1172,Taarush Jana,Male,1991-08-28
1173,Ira Sethi,Female,1984-05-06
1174,Kaia Rana,Female,2002-07-27
1175,Ananya Dutta,Female,2003-03-21
1176,Rishaan Gandhi,Male,2001-01-15
1177,Rishit Srivas,Male,1997-02-08
1178,Mirai Lalit,Female,2000-12-05
1179,Luv Manohar,Male,2000-06-25
1180,Amoli Saxena,Female,1983-07-17
1181,Carina Jai,Female,1988-10-06
1182,Alisha Chande,Female,2001-03-03
1183,Mirai Lal,Female,1998-02-18
1184,Kashvi Saini,Female,1998-02-28
1185,Asmee Manju,Female,1998-11-12
1186,Saisha Nirmal,Female,2000-10-15
1187,Kevin Arun,Male,1982-08-15
1188,Saisha Mehta,Female,1992-08-27
1189,Joseph Malik,Male,2002-12-01
1190,Aadiv Sandeep,Male,1998-04-15
1191,Aarav Verma,Male,1990-01-14
1192,Asmee Puri,Female,1989-01-01
1193,Shrishti Chauhan,Female,1992-10-29
1194,Nimit Nagpal,Male,1984-12-07
1195,Prisha Sai,Female,1982-07-23
1196,Ayaan Swami,Male,1988-10-17
1197,Shrishti Srivas,Female,1981-04-27
1198,Rudra Swami,Male,2002-04-18
1199,Ved Aggarwal,Male,1989-11-09
1200,Saisha Nita,Female,2002-12-29
1201,Kaia Goel,Female,1984-12-25
1202,Larisa Chakrabarti,Female,1997-07-19
1203,Anant Subramani,Male,2001-07-29
1204,Rushil Persaud,Male,2003-09-26
1205,Saisha Naran,Female,1999-11-16
1206,Navya Naran,Female,1993-09-12
1207,Yug Soni,Male,1994-03-06
1208,Kevin Veer,Male,1987-05-08
1209,Alisha Darsha,Female,1993-06-03
1210,Sneha Mati,Female,1998-04-18
1211,Viti Roy,Female,1995-04-05
1212,Kevin Jindal,Male,1988-06-18
1213,Prisha Sharma,Female,1985-12-28
1214,Kashvi Engineer,Female,1987-12-22
1215,Dasya Prasad,Male,1993-08-10
1216,Sadhil Manju,Male,2000-03-31
1217,Aarav Chauhan,Male,1992-12-04
1218,Anushka Vish,Female,2000-12-05
1219,Ved Prasad,Male,1986-04-23
1220,Taahira Joshi,Female,2002-12-27
1221,Parv Saini,Male,1984-05-08
1222,Mehar Srivastava,Female,1983-10-18
1223,Saanvi Chandra,Female,1997-09-10
1224,Sahana Subramani,Female,2003-12-26
1225,Saloni Nara,Female,2001-10-22
1226,Avni Gandhi,Female,1994-08-14
1227,Bhuv Puri,Male,1994-05-30
1228,Yug Uddin,Male,1983-09-27
1229,Ananya Swami,Female,1989-05-31
1230,Naksh Rana,Male,1992-08-27
1231,Prisha Kishore,Female,1991-03-02
1232,Amoli Mittal,Female,1990-03-14
1233,Yug Sandeep,Male,1991-07-15
1234,Raunak Srivastav,Male,2002-11-15
1235,Prisha Aggarwal,Female,2001-08-13
1236,Shanaya Lal,Female,1991-02-07
1237,Zuber Dutta,Male,1996-01-02
1238,Amoli Srivas,Female,1993-04-05
1239,Kashvi Manohar,Female,1987-07-26
1240,Ishana Rajan,Female,1981-10-10
1241,Rohan Pal,Male,1991-11-08
1242,Anushka Sehgal,Female,1994-07-21
1243,Kahaan Neelam,Male,1995-12-31
1244,Yash Srini,Male,1986-02-12
1245,Hiya Raje,Female,1994-04-10
1246,Nehrika Ganesh,Female,1982-02-08
1247,Rachit Sen,Male,1983-09-06
1248,Sarthak Chauhan,Male,1995-09-28
1249,Pavati Srivastav,Female,1986-03-31
1250,Carina Pal,Female,1985-03-25
1251,Asmee Tyagi,Female,2003-02-01
1252,Hiya Jana,Female,1992-09-02
1253,Saloni Sudha,Female,1999-10-22
1254,Aahva Dhawan,Male,1995-05-01
1255,Rohan Engineer,Male,2001-09-11
1256,Taara Mehta,Female,1991-11-05
1257,Ranbir Nita,Male,2000-04-01
1258,Ishana Bhat,Female,2003-11-12
1259,Prisha Kumar,Female,1989-11-28
1260,Shanaya Samuel,Female,1992-02-22
1261,Mayra Narayan,Female,1997-04-22
1262,Vivaan Uddin,Male,1982-10-18
1263,Krisha Arun,Female,1998-02-14
1264,Sadhil Darsha,Male,1984-09-06
1265,Manan Veer,Male,1982-02-17
1266,Pahal Nath,Male,1996-05-17
1267,Naitee Prasad,Female,1999-11-08
1268,Atiksh Malik,Male,2001-10-13
1269,Raunak Meena,Male,1982-10-14
1270,Ranbir Sahni,Male,1981-03-07
1271,Hiya Anand,Female,1990-04-16
1272,Zuber Muthu,Male,1996-04-27
1273,Akanksh Meena,Male,1994-04-27
1274,Mirai Raman,Female,1990-09-02
1275,Sadhil Malik,Male,2001-01-31
1276,Atiksh Lal,Male,1998-07-18
1277,Manan Punj,Male,1997-09-23
1278,Alex Chaudhary,Male,1988-10-04
1279,Sai Patel,Female,1989-11-20
1280,Anika Subram,Female,1987-06-14
1281,Shrishti Srivastava,Female,2002-09-15
1282,Carina Veena,Female,1992-01-21
1283,Saisha Bhatt,Female,1982-09-09
1284,Jay Sudha,Male,1992-07-27
1285,Adhira Sai,Female,2003-02-20
1286,Sai Saxena,Female,1988-02-21
1287,Jash Srivas,Male,1999-06-20
1288,Kabir Uddin,Male,1988-07-01
1289,Anaisha Ranga,Female,2001-10-23
1290,Keya Punj,Female,1996-07-22
1291,Viti Verma,Female,1983-06-30
1292,Rishaan Neel,Male,2003-08-29
1293,Kaia Meena,Female,1981-12-29
1294,Taara Nath,Female,1989-07-16
1295,Saisha Darsha,Female,1996-07-29
1296,Jash Sehgal,Male,1995-12-21
1297,Rushil Ranga,Male,2003-12-10
1298,Anaisha Sharma,Female,1990-10-23
1299,Zuber Mehra,Male,1993-04-08
1300,Kabir Dutta,Male,1981-02-16
1301,Nehrika Manju,Female,1991-02-14
1302,Saloni Rastogi,Female,2003-09-16
1303,Ayaan Sehgal,Male,1982-05-15
1304,Ranbir Sai,Male,1996-02-27
1305,Taahira Nath,Female,2001-07-24
1306,Rohan Veer,Male,1981-01-19
1307,Neysa Charan,Female,2000-07-15
1308,Anaisha Engineer,Female,2003-06-19
1309,Sai Rajan,Female,1984-08-19
1310,Kevin Madan,Male,1982-08-03
1311,Anant Rastogi,Male,1983-07-04
1312,Taahira Nagpal,Female,1985-04-26
1313,Mirai Srivas,Female,1991-08-22
1314,Luv Nath,Male,2001-08-15
1315,Pranay Lata,Male,1982-03-27
1316,Sarthak Chande,Male,2002-02-01
1317,Hiya Pawan,Female,1994-06-10
1318,Parv Mehta,Male,1987-03-07
1319,Nehrika Sai,Female,1995-08-27
1320,Atiksh Mati,Male,1988-06-22
1321,Ananya Muthu,Female,1988-06-16
1322,Carina Nara,Female,2000-10-17
1323,Ishita Ganesh,Female,1989-07-04
1324,Yug Raje,Male,1996-01-11
1325,Hiya Puri,Female,2002-11-07
1326,Kairav Arun,Male,1988-07-15
1327,Aadiv Krishnamurthy,Male,1997-03-31
1328,Viti Srivastava,Female,1988-08-12
1329,Pahal Malhotra,Male,1987-10-25
1330,Hiya Srivastav,Female,1989-10-28
1331,Navya Mehta,Female,1992-08-04
1332,Nirav Joshi,Male,2001-03-01
1333,Carina Sara,Female,1996-08-13
1334,Adhira Sen,Female,1988-06-12
1335,Neysa Subramani,Female,1987-08-17
1336,Sarthak Kapoor,Male,1997-04-03
1337,Adah Chandra,Female,1987-02-07
1338,Ranbir Punj,Male,1985-08-06
1339,Mahika Raje,Female,1992-07-14
1340,Rebecca Swami,Female,1981-10-17
1341,Sarthak Joshi,Male,1990-07-26
1342,Hiya Shan,Female,1992-02-12
1343,Taksh Patel,Male,1989-04-21
1344,Bhuv Arun,Male,2003-10-04
1345,Tanvi Rai,Female,1985-03-27
1346,Neysa Sethi,Female,1982-03-01
1347,Manan Srivastava,Male,1987-08-12
1348,Hiya Rajagopal,Female,1989-01-25
1349,Hem Saxena,Male,1982-01-14
1350,Vivaan Engineer,Male,1995-11-24
1351,Ira Chandrasekar,Female,1995-10-21
1352,Viti Lalit,Female,2002-06-25
1353,Ishank Meena,Male,1983-11-24
1354,Tanvi Dutta,Female,1998-07-28
1355,Gian Kishore,Male,1993-05-13
1356,Reyansh Persaud,Male,1996-12-15
1357,Prisha Subramani,Female,1994-03-06
1358,Krisha Rajan,Female,1998-02-22
1359,Mayra Srivastava,Female,1998-10-04
1360,Aadiv Jana,Male,1995-09-21
1361,Keya Swami,Female,1990-10-06
1362,Parv Dutta,Male,1987-07-15
1363,Anika Engineer,Female,1989-12-25
1364,Kashvi Sahni,Female,1997-11-01
1365,Viti Nigam,Female,1992-09-30
1366,Saisha Persaud,Female,1996-01-06
1367,Laksh Malik,Male,1997-06-26
1368,Neysa Saini,Female,1983-08-25
1369,Rohan Aggarwal,Male,1990-10-24
1370,Sai Kishore,Female,2001-09-15
1371,Taara Madan,Female,1995-05-31
1372,Rebecca Nigam,Female,1982-04-13
1373,Krisha Jana,Female,1994-09-13
1374,Nirav Lata,Male,1993-02-02
1375,Mishka Dutta,Female,1992-01-07
1376,Adah Vish,Female,1988-02-05
1377,Rohan Nagpal,Male,1986-05-05
1378,Alisha Roy,Female,1994-10-14
1379,Sneha Ranga,Female,1986-10-01
1380,Ira Naran,Female,1983-12-15
1381,Avni Nath,Female,1998-07-26
1382,Neysa Rai,Female,1989-12-10
1383,Raunak Kapoor,Male,1984-08-12
1384,Taara Veer,Female,1995-06-06
1385,Sarthak Rai,Male,1997-09-03
1386,Kairav Dutta,Male,1999-11-06
